<?xml version="1.0" encoding="utf-8"?>
<SourceInsightLayout
	AppVer="4.00.0084"
	AppVerMinReader="4.00.0030"
	>
	<!-- This is a Source Insight desktop layout file. -->
	<!-- www.sourceinsight.com -->
	<MainWindow
		IsMaximized="1"
		IsFullScreen="0"
		>
		<WindowRect Left="-8" Top="-8" Right="1374" Bottom="776" />
		<NormalWindowRect Left="280" Top="280" Right="664" Bottom="568" />
	</MainWindow>
	<Options>
		<WindowTabOptions IsVisible="1" ShowPathInfo="1" SortOrder="Usage" />
	</Options>
	<PanelArea>
		<WorkArea Left="0" Top="91" Right="1366" Bottom="742" />
		<TabTray IsVisible="0" />
		<DockZones>
			<Left>
				<Rect Left="0" Top="95" Right="4" Bottom="509" />
				<Contents/>
			</Left>
			<Top>
				<Rect Left="0" Top="91" Right="1366" Bottom="95" />
				<Contents/>
			</Top>
			<Right>
				<Rect Left="1155" Top="95" Right="1366" Bottom="509" />
				<Contents>
					<PanelHost
						Title="Project Files"
						id="ProjectPanelHost"
						IsHidden="0"
						PctTrans="0"
						IsMinimized="0"
						PanelCount="4"
						idPalActive="ProjectFilePanel"
						>
						<WindowRect Left="1159" Top="95" Right="1366" Bottom="509" />
						<PredockRect Left="100" Top="100" Right="650" Bottom="600" />
						<Panels>
							<Panel
								id="ProjectFilePanel"
								IsHidden="0"
								ViewToolbar="1"
								>
								<Columns>
									<Column0 ID="0" Width="113" />
									<Column1 ID="1" Width="96" />
									<Column2 ID="2" Width="96" />
									<Column3 ID="3" Width="96" />
									<Column4 ID="4" Width="96" />
								</Columns>
							</Panel>
							<Panel
								id="ProjectSymbolPanel"
								IsHidden="0"
								ViewToolbar="1"
								>
								<Columns>
									<Column0 ID="6" Width="192" />
									<Column1 ID="0" Width="96" />
									<Column2 ID="4" Width="96" />
								</Columns>
							</Panel>
							<Panel id="ProjectFolderPanel" IsHidden="0" ViewToolbar="1" />
							<Panel
								id="ProjectSymbolCategoryPanel"
								IsHidden="0"
								ViewToolbar="1"
								>
								<Columns>
									<Column0 ID="7" Width="192" />
									<Column1 ID="0" Width="96" />
								</Columns>
							</Panel>
						</Panels>
					</PanelHost>
				</Contents>
			</Right>
			<Bottom>
				<Rect Left="0" Top="509" Right="1366" Bottom="742" />
				<Contents>
					<PanelHost
						Title="keyboard_gpio_config"
						id="ContextPanelHost"
						IsHidden="0"
						PctTrans="0"
						IsMinimized="0"
						PanelCount="1"
						idPalActive="ContextPanel"
						>
						<WindowRect Left="199" Top="513" Right="1069" Bottom="742" />
						<PredockRect Left="508" Top="234" Right="858" Bottom="534" />
						<Panels>
							<Panel id="ContextPanel" IsHidden="0" ViewToolbar="1" />
						</Panels>
					</PanelHost>
					<PanelHost
						Title="Relation"
						id="RelationPanelHost"
						IsHidden="0"
						PctTrans="0"
						IsMinimized="0"
						PanelCount="1"
						idPalActive="RelationPanel"
						>
						<WindowRect Left="1069" Top="513" Right="1366" Bottom="742" />
						<PredockRect Left="100" Top="400" Right="450" Bottom="800" />
						<Panels>
							<Panel
								id="RelationPanel"
								IsHidden="0"
								ViewToolbar="1"
								>
								<RelationOptions
									ViewMode="Outline"
									IsLocked="0"
									ExcludeMacros="0"
									ShowMetrics="0"
									ShowGraphDetails="1"
									GroupMultipleRefs="1"
									ShowLineNumbers="0"
									ShowFileName="1"
									AutoExpandLevels="1"
									CodeMetricsType="1"
									SortType="2"
									>
									<TrackingOptions tracktype="1" InComments="0" InStrings="0" InAnyFile="0" />
									<SymbolTypes All="1" />
									<CodeMetricsFilter CodeMetricsType="1" MinValue="0" MaxValue="0" />
									<ViewRelationRules
										ForTypes="Contents"
										ForFunctions="References"
										ForVariables="References"
										ForClasses="Inheritance"
										ForFiles="None"
										/>
								</RelationOptions>
								<Columns>
									<Column0 ID="0" Width="181" />
									<Column1 ID="2" Width="144" />
								</Columns>
							</Panel>
						</Panels>
					</PanelHost>
					<PanelHost
						Title="Bookmarks"
						id="BookmarkPanelHost"
						IsHidden="0"
						PctTrans="0"
						IsMinimized="0"
						PanelCount="1"
						idPalActive="BookmarkPanel"
						>
						<WindowRect Left="0" Top="513" Right="199" Bottom="742" />
						<PredockRect Left="556" Top="225" Right="764" Bottom="466" />
						<Panels>
							<Panel id="BookmarkPanel" IsHidden="0" ViewToolbar="1" />
						</Panels>
					</PanelHost>
				</Contents>
			</Bottom>
		</DockZones>
		<Floating>
			<PanelHost
				Title="Directory Compare"
				id="ComparePanelHost"
				IsHidden="1"
				PctTrans="0"
				IsMinimized="0"
				PanelCount="2"
				idPalActive="DirComparePanel"
				>
				<WindowRect Left="53" Top="100" Right="753" Bottom="500" />
				<PredockRect Left="0" Top="0" Right="0" Bottom="0" />
				<Panels>
					<Panel id="FileComparePanel" IsHidden="0" ViewToolbar="1" />
					<Panel
						id="DirComparePanel"
						IsHidden="0"
						ViewToolbar="1"
						>
						<Columns>
							<Column0 ID="0" Width="192" />
							<Column1 ID="1" Width="72" />
							<Column2 ID="2" Width="72" />
							<Column3 ID="3" Width="72" />
							<Column4 ID="4" Width="192" />
							<Column5 ID="5" Width="72" />
							<Column6 ID="6" Width="72" />
						</Columns>
						<MruList/>
					</Panel>
				</Panels>
			</PanelHost>
			<PanelHost
				Title="Snippets"
				id="SnippetPanelHost"
				IsHidden="1"
				PctTrans="0"
				IsMinimized="0"
				PanelCount="1"
				idPalActive="SnippetPanel"
				>
				<WindowRect Left="100" Top="210" Right="650" Bottom="400" />
				<PredockRect Left="100" Top="210" Right="650" Bottom="400" />
				<Panels>
					<Panel
						id="SnippetPanel"
						IsHidden="0"
						ViewToolbar="1"
						>
						<Columns>
							<Column0 ID="0" Width="96" />
							<Column1 ID="1" Width="192" />
							<Column2 ID="2" Width="96" />
							<Column3 ID="3" Width="96" />
						</Columns>
					</Panel>
				</Panels>
			</PanelHost>
		</Floating>
	</PanelArea>
	<RelationWindowGlobalOptions ShowAll="1" />
</SourceInsightLayout>
